-- phpMyAdmin SQL Dump
-- version 5.2.0
-- https://www.phpmyadmin.net/
--
-- Хост: 127.0.0.1:3306
-- Время создания: Мар 15 2024 г., 19:36
-- Версия сервера: 8.0.30
-- Версия PHP: 8.1.9

SET SQL_MODE = "NO_AUTO_VALUE_ON_ZERO";
START TRANSACTION;
SET time_zone = "+00:00";


/*!40101 SET @OLD_CHARACTER_SET_CLIENT=@@CHARACTER_SET_CLIENT */;
/*!40101 SET @OLD_CHARACTER_SET_RESULTS=@@CHARACTER_SET_RESULTS */;
/*!40101 SET @OLD_COLLATION_CONNECTION=@@COLLATION_CONNECTION */;
/*!40101 SET NAMES utf8mb4 */;

--
-- База данных: `2x2`
--

-- --------------------------------------------------------

--
-- Структура таблицы `androides`
--

CREATE TABLE `androides` (
  `id` int NOT NULL,
  `img` varchar(255) COLLATE utf8mb4_general_ci NOT NULL,
  `model` varchar(255) COLLATE utf8mb4_general_ci NOT NULL,
  `description` varchar(255) COLLATE utf8mb4_general_ci NOT NULL
) ENGINE=InnoDB DEFAULT CHARSET=utf8mb4 COLLATE=utf8mb4_general_ci;

--
-- Дамп данных таблицы `androides`
--

INSERT INTO `androides` (`id`, `img`, `model`, `description`) VALUES
(1, 'assets/img/pages/android/samsung.webp', 'Samsung', 'Замена аккумулятора, дисплея, задней крышки, разъема зарядки, динамика и многое другое...'),
(2, 'assets/img/pages/android/xiaomi.webp', 'Xiaomi', 'Замена аккумулятора, дисплея, задней крышки, разъема зарядки, динамика и многое другое...'),
(3, 'assets/img/pages/android/honor.webp', 'Honor', 'Замена аккумулятора, дисплея, задней крышки, разъема зарядки, динамика и многое другое...'),
(4, 'assets/img/pages/android/oneplus.webp', 'OnePlus', 'Замена аккумулятора, дисплея, задней крышки, разъема зарядки, динамика и многое другое...'),
(5, 'assets/img/pages/android/redmi.webp', 'Redmi', 'Замена аккумулятора, дисплея, задней крышки, разъема зарядки, динамика и многое другое...'),
(6, 'assets/img/pages/android/huawei.webp', 'Huawei', 'Замена аккумулятора, дисплея, задней крышки, разъема зарядки, динамика и многое другое...');

-- --------------------------------------------------------

--
-- Структура таблицы `androidServices`
--

CREATE TABLE `androidServices` (
  `id` int NOT NULL,
  `androidId` int NOT NULL,
  `name` varchar(255) COLLATE utf8mb4_general_ci NOT NULL,
  `price` int NOT NULL
) ENGINE=InnoDB DEFAULT CHARSET=utf8mb4 COLLATE=utf8mb4_general_ci;

--
-- Дамп данных таблицы `androidServices`
--

INSERT INTO `androidServices` (`id`, `androidId`, `name`, `price`) VALUES
(1, 1, 'Замена аккумулятора', 1090),
(2, 1, 'Замена дисплея', 4490),
(3, 1, 'Замена задней крышки', 2590),
(4, 1, 'Замена разъема зарядки', 1290),
(5, 1, 'Замена динамика', 1190),
(6, 1, 'Замена антенны', 1090),
(7, 1, 'Замена контроллера питания', 5090),
(9, 1, 'Замена основной камеры', 2090),
(10, 1, 'Замена микрофона', 1390),
(11, 1, 'Замена вибромотора', 1190),
(12, 2, 'Замена аккумулятора', 1090),
(13, 2, 'Замена дисплея', 4490),
(14, 2, 'Замена задней крышки', 2590),
(15, 2, 'Замена разъема зарядки', 1290),
(16, 2, 'Замена динамика', 1190),
(17, 2, 'Замена антенны', 1090),
(18, 2, 'Замена контроллера питания', 5090),
(19, 2, 'Замена основной камеры', 2090),
(20, 2, 'Замена микрофона', 1390),
(21, 2, 'Замена вибромотора', 1190),
(22, 3, 'Замена аккумулятора', 1090),
(23, 3, 'Замена дисплея', 4490),
(24, 3, 'Замена задней крышки', 2590),
(25, 3, 'Замена разъема зарядки', 1290),
(26, 3, 'Замена динамика', 1190),
(27, 3, 'Замена антенны', 1090),
(28, 3, 'Замена контроллера питания', 5090),
(29, 3, 'Замена основной камеры', 2090),
(30, 3, 'Замена микрофона', 1390),
(31, 3, 'Замена вибромотора', 1190),
(32, 4, 'Замена аккумулятора', 1090),
(33, 4, 'Замена дисплея', 4490),
(34, 4, 'Замена задней крышки', 2590),
(35, 4, 'Замена разъема зарядки', 1290),
(36, 4, 'Замена динамика', 1190),
(37, 4, 'Замена антенны', 1090),
(38, 4, 'Замена контроллера питания', 5090),
(39, 4, 'Замена основной камеры', 2090),
(40, 4, 'Замена микрофона', 1390),
(41, 4, 'Замена вибромотора', 1190),
(42, 5, 'Замена аккумулятора', 1090),
(43, 5, 'Замена дисплея', 4490),
(44, 5, 'Замена задней крышки', 2590),
(45, 5, 'Замена разъема зарядки', 1290),
(46, 5, 'Замена динамика', 1190),
(47, 5, 'Замена антенны', 1090),
(48, 5, 'Замена контроллера питания', 5090),
(49, 5, 'Замена основной камеры', 2090),
(50, 5, 'Замена микрофона', 1390),
(51, 5, 'Замена вибромотора', 1190),
(52, 6, 'Замена аккумулятора', 1090),
(53, 6, 'Замена дисплея', 4490),
(54, 6, 'Замена задней крышки', 2590),
(55, 6, 'Замена разъема зарядки', 1290),
(56, 6, 'Замена динамика', 1190),
(57, 6, 'Замена антенны', 1090),
(58, 6, 'Замена контроллера питания', 5090),
(59, 6, 'Замена основной камеры', 2090),
(60, 6, 'Замена микрофона', 1390),
(61, 6, 'Замена вибромотора', 1190);

-- --------------------------------------------------------

--
-- Структура таблицы `iphones`
--

CREATE TABLE `iphones` (
  `id` int NOT NULL,
  `img` varchar(255) COLLATE utf8mb4_general_ci NOT NULL,
  `model` varchar(255) COLLATE utf8mb4_general_ci NOT NULL,
  `description` varchar(255) COLLATE utf8mb4_general_ci NOT NULL
) ENGINE=InnoDB DEFAULT CHARSET=utf8mb4 COLLATE=utf8mb4_general_ci;

--
-- Дамп данных таблицы `iphones`
--

INSERT INTO `iphones` (`id`, `img`, `model`, `description`) VALUES
(1, 'assets/img/pages/iphone/iphone14.webp', 'iPhone 14', 'Замена аккумулятора, дисплея, задней крышки, разъема зарядки, динамика и многое другое...'),
(2, 'assets/img/pages/iphone/iphone13.webp', 'iPhone 13', 'Замена аккумулятора, дисплея, задней крышки, разъема зарядки, динамика и многое другое...'),
(3, 'assets/img/pages/iphone/iphone12.webp', 'iPhone 12', 'Замена аккумулятора, дисплея, задней крышки, разъема зарядки, динамика и многое другое...'),
(4, 'assets/img/pages/iphone/iphone11.webp', 'iPhone 11', 'Замена аккумулятора, дисплея, задней крышки, разъема зарядки, динамика и многое другое...'),
(5, 'assets/img/pages/iphone/iphonexs.webp', 'iPhone XS', 'Замена аккумулятора, дисплея, задней крышки, разъема зарядки, динамика и многое другое...'),
(6, 'assets/img/pages/iphone/iphonexr.webp', 'iPhone XR', 'Замена аккумулятора, дисплея, задней крышки, разъема зарядки, динамика и многое другое...');

-- --------------------------------------------------------

--
-- Структура таблицы `iphoneServices`
--

CREATE TABLE `iphoneServices` (
  `id` int NOT NULL,
  `iphoneId` int NOT NULL,
  `name` varchar(255) COLLATE utf8mb4_general_ci NOT NULL,
  `price` varchar(255) COLLATE utf8mb4_general_ci NOT NULL
) ENGINE=InnoDB DEFAULT CHARSET=utf8mb4 COLLATE=utf8mb4_general_ci;

--
-- Дамп данных таблицы `iphoneServices`
--

INSERT INTO `iphoneServices` (`id`, `iphoneId`, `name`, `price`) VALUES
(1, 1, 'Замена аккумулятора', '1890'),
(2, 1, 'Замена дисплея', '7090'),
(3, 1, 'Замена задней крышки', '3990'),
(4, 1, 'Замена разъема зарядки', '1690'),
(5, 1, 'Замена динамика', '1490'),
(6, 1, 'Замена антенны', '1390'),
(7, 1, 'Замена контроллера питания', '5990'),
(8, 1, 'Замена основной камеры', '2390'),
(9, 1, 'Замена микрофона', '1690'),
(10, 1, 'Замена вибромотора', '1490'),
(11, 2, 'Замена аккумулятора', '1890'),
(12, 2, 'Замена дисплея', '7090'),
(13, 2, 'Замена задней крышки', '3990'),
(14, 2, 'Замена разъема зарядки', '1690'),
(15, 2, 'Замена динамика', '1490'),
(16, 2, 'Замена антенны', '1390'),
(17, 2, 'Замена контроллера питания', '5990'),
(18, 2, 'Замена основной камеры', '2390'),
(19, 2, 'Замена микрофона', '1690'),
(20, 3, 'Замена вибромотора', '1490'),
(21, 3, 'Замена аккумулятора', '1090'),
(22, 3, 'Замена дисплея', '4790'),
(23, 3, 'Замена задней крышки', '2790'),
(24, 3, 'Замена разъема зарядки', '1490'),
(25, 3, 'Замена динамика', '1290'),
(26, 3, 'Замена антенны', '1190'),
(27, 3, 'Замена контроллера питания', '5490'),
(28, 3, 'Замена основной камеры', '2190'),
(29, 3, 'Замена микрофона', '1490'),
(30, 3, 'Замена вибромотора', '1290'),
(31, 4, 'Замена аккумулятора', '1090'),
(32, 4, 'Замена дисплея', '4490'),
(33, 4, 'Замена задней крышки', '2590'),
(34, 4, 'Замена разъема зарядки', '1290'),
(35, 4, 'Замена динамика', '1190'),
(36, 4, 'Замена антенны', '1090'),
(37, 4, 'Замена контроллера питания', '5090'),
(38, 4, 'Замена основной камеры', '2090'),
(39, 4, 'Замена микрофона', '1390'),
(40, 4, 'Замена вибромотора', '1190'),
(41, 5, 'Замена аккумулятора', '1090'),
(42, 5, 'Замена дисплея', '4490'),
(43, 5, 'Замена задней крышки', '2590'),
(44, 5, 'Замена разъема зарядки', '1290'),
(45, 5, 'Замена динамика', '1190'),
(46, 5, 'Замена антенны', '1090'),
(47, 5, 'Замена контроллера питания', '5090'),
(48, 5, 'Замена основной камеры', '2090'),
(49, 5, 'Замена микрофона', '1390'),
(50, 5, 'Замена вибромотора', '1190'),
(51, 6, 'Замена аккумулятора', '1090'),
(52, 6, 'Замена дисплея', '4490'),
(53, 6, 'Замена задней крышки', '2590'),
(54, 6, 'Замена разъема зарядки', '1290'),
(55, 6, 'Замена динамика', '1190'),
(56, 6, 'Замена антенны', '1090'),
(57, 6, 'Замена контроллера питания', '5090'),
(58, 6, 'Замена основной камеры', '2090'),
(59, 6, 'Замена микрофона', '1390'),
(60, 6, 'Замена вибромотора', '1190');

-- --------------------------------------------------------

--
-- Структура таблицы `laptops`
--

CREATE TABLE `laptops` (
  `id` int NOT NULL,
  `img` varchar(255) COLLATE utf8mb4_general_ci NOT NULL,
  `model` varchar(255) COLLATE utf8mb4_general_ci NOT NULL,
  `description` varchar(255) COLLATE utf8mb4_general_ci NOT NULL
) ENGINE=InnoDB DEFAULT CHARSET=utf8mb4 COLLATE=utf8mb4_general_ci;

--
-- Дамп данных таблицы `laptops`
--

INSERT INTO `laptops` (`id`, `img`, `model`, `description`) VALUES
(1, 'assets/img/pages/laptop/acer.webp', 'Acer', 'Замена аккумулятора, дисплея, задней крышки, разъема зарядки, динамиков, микрофона и многое другое...'),
(2, 'assets/img/pages/laptop/asus.webp', 'Asus', 'Замена аккумулятора, дисплея, задней крышки, разъема зарядки, динамиков, микрофона и многое другое...'),
(3, 'assets/img/pages/laptop/hp.webp', 'Hp', 'Замена аккумулятора, дисплея, задней крышки, разъема зарядки, динамиков, микрофона и многое другое...'),
(4, 'assets/img/pages/laptop/lenovo.webp', 'Lenovo', 'Замена аккумулятора, дисплея, задней крышки, разъема зарядки, динамиков, микрофона и многое другое...'),
(5, 'assets/img/pages/laptop/samsung.webp', 'Samsung', 'Замена аккумулятора, дисплея, задней крышки, разъема зарядки, динамиков, микрофона и многое другое...'),
(6, 'assets/img/pages/laptop/dell.webp', 'Dell', 'Замена аккумулятора, дисплея, задней крышки, разъема зарядки, динамиков, микрофона и многое другое...');

-- --------------------------------------------------------

--
-- Структура таблицы `laptopServices`
--

CREATE TABLE `laptopServices` (
  `id` int NOT NULL,
  `laptopId` int NOT NULL,
  `name` varchar(255) COLLATE utf8mb4_general_ci NOT NULL,
  `price` int NOT NULL
) ENGINE=InnoDB DEFAULT CHARSET=utf8mb4 COLLATE=utf8mb4_general_ci;

--
-- Дамп данных таблицы `laptopServices`
--

INSERT INTO `laptopServices` (`id`, `laptopId`, `name`, `price`) VALUES
(1, 1, 'Чистка системы охлаждения и замена термопасты	', 1490),
(2, 1, 'Установка программного обеспечения', 790),
(3, 1, 'Замена матрицы', 1290),
(4, 1, 'Замена клавиатуры', 890),
(5, 1, 'Замена аккумулятора', 890),
(6, 1, 'Чистка от пыли', 1490),
(7, 1, 'Установка драйверов', 390),
(8, 1, 'Настройка интернета', 290),
(9, 1, 'Настройка/прошивка BIOS', 1490),
(10, 1, 'Удаление вирусов', 490),
(11, 2, 'Чистка системы охлаждения и замена термопасты	', 1490),
(12, 2, 'Установка программного обеспечения', 790),
(13, 2, 'Замена матрицы', 1290),
(14, 2, 'Замена клавиатуры', 890),
(15, 2, 'Замена аккумулятора', 890),
(16, 2, 'Чистка от пыли', 1490),
(17, 2, 'Установка драйверов', 390),
(18, 2, 'Настройка интернета', 290),
(19, 2, 'Настройка/прошивка BIOS', 1490),
(20, 2, 'Удаление вирусов', 490),
(21, 3, 'Чистка системы охлаждения и замена термопасты	', 1490),
(22, 3, 'Установка программного обеспечения', 790),
(23, 3, 'Замена матрицы', 1290),
(24, 3, 'Замена клавиатуры', 890),
(25, 3, 'Замена аккумулятора', 890),
(26, 3, 'Чистка от пыли', 1490),
(27, 3, 'Установка драйверов', 390),
(28, 3, 'Настройка интернета', 290),
(29, 3, 'Настройка/прошивка BIOS', 1490),
(30, 3, 'Удаление вирусов', 490),
(31, 4, 'Чистка системы охлаждения и замена термопасты	', 1490),
(32, 4, 'Установка программного обеспечения', 790),
(33, 4, 'Замена матрицы', 1290),
(34, 4, 'Замена клавиатуры', 890),
(35, 4, 'Замена аккумулятора', 890),
(36, 4, 'Чистка от пыли', 1490),
(37, 4, 'Установка драйверов', 390),
(38, 4, 'Настройка интернета', 290),
(39, 4, 'Настройка/прошивка BIOS', 1490),
(40, 4, 'Удаление вирусов', 490),
(41, 5, 'Чистка системы охлаждения и замена термопасты	', 1490),
(42, 5, 'Установка программного обеспечения', 790),
(43, 5, 'Замена матрицы', 1290),
(44, 5, 'Замена клавиатуры', 890),
(45, 5, 'Замена аккумулятора', 890),
(46, 5, 'Чистка от пыли', 1490),
(47, 5, 'Установка драйверов', 390),
(48, 5, 'Настройка интернета', 290),
(49, 5, 'Настройка/прошивка BIOS', 1490),
(50, 5, 'Удаление вирусов', 490),
(51, 6, 'Чистка системы охлаждения и замена термопасты	', 1490),
(52, 6, 'Установка программного обеспечения', 790),
(53, 6, 'Замена матрицы', 1290),
(54, 6, 'Замена клавиатуры', 890),
(55, 6, 'Замена аккумулятора', 890),
(56, 6, 'Чистка от пыли', 1490),
(57, 6, 'Установка драйверов', 390),
(58, 6, 'Настройка интернета', 290),
(59, 6, 'Настройка/прошивка BIOS', 1490),
(60, 6, 'Удаление вирусов', 490);

-- --------------------------------------------------------

--
-- Структура таблицы `watches`
--

CREATE TABLE `watches` (
  `id` int NOT NULL,
  `img` varchar(255) COLLATE utf8mb4_general_ci NOT NULL,
  `model` varchar(255) COLLATE utf8mb4_general_ci NOT NULL,
  `description` varchar(255) COLLATE utf8mb4_general_ci NOT NULL
) ENGINE=InnoDB DEFAULT CHARSET=utf8mb4 COLLATE=utf8mb4_general_ci;

--
-- Дамп данных таблицы `watches`
--

INSERT INTO `watches` (`id`, `img`, `model`, `description`) VALUES
(1, 'assets/img/pages/watches/xiaomi.webp', 'Xiaomi Watch', 'Замена тачскрина, корпуса, боковых кнопок, динамика, экрана, вибромотора и многое другое...'),
(2, 'assets/img/pages/watches/applewatch.webp', 'Apple Watch', 'Замена тачскрина, корпуса, боковых кнопок, динамика, экрана, вибромотора и многое другое...'),
(3, 'assets/img/pages/watches/honor.webp', 'Honor Watch', 'Замена тачскрина, корпуса, боковых кнопок, динамика, экрана, вибромотора и многое другое...'),
(4, 'assets/img/pages/watches/realme.webp', 'Realme Watch', 'Замена тачскрина, корпуса, боковых кнопок, динамика, экрана, вибромотора и многое другое...'),
(5, 'assets/img/pages/watches/samsung.webp', 'Samsung Watch', 'Замена тачскрина, корпуса, боковых кнопок, динамика, экрана, вибромотора и многое другое...'),
(6, 'assets/img/pages/watches/huawei.webp', 'Huawei Watch', 'Замена тачскрина, корпуса, боковых кнопок, динамика, экрана, вибромотора и многое другое...');

-- --------------------------------------------------------

--
-- Структура таблицы `watchServices`
--

CREATE TABLE `watchServices` (
  `id` int NOT NULL,
  `watchId` int NOT NULL,
  `name` varchar(255) COLLATE utf8mb4_general_ci NOT NULL,
  `price` int NOT NULL
) ENGINE=InnoDB DEFAULT CHARSET=utf8mb4 COLLATE=utf8mb4_general_ci;

--
-- Дамп данных таблицы `watchServices`
--

INSERT INTO `watchServices` (`id`, `watchId`, `name`, `price`) VALUES
(1, 1, 'Замена тачскрина', 1290),
(2, 1, 'Замена корпуса', 790),
(3, 1, 'Замена боковых кнопок', 790),
(4, 1, 'Замена динамика', 790),
(5, 1, 'Замена экрана', 790),
(6, 1, 'Замена вибромотора', 790),
(7, 1, 'Замена дисплея', 1290),
(8, 1, 'Замена микрофона', 790),
(9, 1, 'Замена системной платы', 1690),
(10, 1, 'Замена аккумулятора', 790),
(11, 2, 'Замена тачскрина', 1290),
(12, 2, 'Замена корпуса', 2790),
(13, 2, 'Замена боковых кнопок', 1790),
(14, 2, 'Замена динамика', 1090),
(15, 2, 'Замена экрана', 1790),
(16, 2, 'Замена вибромотора', 990),
(17, 2, 'Замена дисплея', 1290),
(18, 2, 'Замена микрофона', 1190),
(19, 2, 'Замена системной платы', 2690),
(20, 2, 'Замена аккумулятора', 1790),
(21, 3, 'Замена тачскрина', 1290),
(22, 3, 'Замена корпуса', 790),
(23, 3, 'Замена боковых кнопок', 790),
(24, 3, 'Замена динамика', 790),
(25, 3, 'Замена экрана', 790),
(26, 3, 'Замена вибромотора', 790),
(27, 3, 'Замена дисплея', 1290),
(28, 3, 'Замена микрофона', 790),
(29, 3, 'Замена системной платы', 1690),
(30, 3, 'Замена аккумулятора', 790),
(31, 4, 'Замена тачскрина', 1290),
(32, 4, 'Замена корпуса', 790),
(33, 4, 'Замена боковых кнопок', 790),
(34, 4, 'Замена динамика', 790),
(35, 4, 'Замена экрана', 790),
(36, 4, 'Замена вибромотора', 790),
(37, 4, 'Замена дисплея', 1290),
(38, 4, 'Замена микрофона', 790),
(39, 4, 'Замена системной платы', 1690),
(40, 4, 'Замена аккумулятора', 790),
(41, 5, 'Замена тачскрина', 1290),
(42, 5, 'Замена корпуса', 790),
(43, 5, 'Замена боковых кнопок', 790),
(44, 5, 'Замена динамика', 790),
(45, 5, 'Замена экрана', 790),
(46, 5, 'Замена вибромотора', 790),
(47, 5, 'Замена дисплея', 1290),
(48, 5, 'Замена микрофона', 790),
(49, 5, 'Замена системной платы', 1690),
(50, 5, 'Замена аккумулятора', 790),
(51, 6, 'Замена тачскрина', 1290),
(52, 6, 'Замена корпуса', 790),
(53, 6, 'Замена боковых кнопок', 790),
(54, 6, 'Замена динамика', 790),
(55, 6, 'Замена экрана', 790),
(56, 6, 'Замена вибромотора', 790),
(57, 6, 'Замена дисплея', 1290),
(58, 6, 'Замена микрофона', 790),
(59, 6, 'Замена системной платы', 1690),
(60, 6, 'Замена аккумулятора', 790);

--
-- Индексы сохранённых таблиц
--

--
-- Индексы таблицы `androides`
--
ALTER TABLE `androides`
  ADD PRIMARY KEY (`id`);

--
-- Индексы таблицы `androidServices`
--
ALTER TABLE `androidServices`
  ADD PRIMARY KEY (`id`),
  ADD KEY `androidId` (`androidId`);

--
-- Индексы таблицы `iphones`
--
ALTER TABLE `iphones`
  ADD PRIMARY KEY (`id`);

--
-- Индексы таблицы `iphoneServices`
--
ALTER TABLE `iphoneServices`
  ADD PRIMARY KEY (`id`),
  ADD KEY `iphoneId` (`iphoneId`);

--
-- Индексы таблицы `laptops`
--
ALTER TABLE `laptops`
  ADD PRIMARY KEY (`id`);

--
-- Индексы таблицы `laptopServices`
--
ALTER TABLE `laptopServices`
  ADD PRIMARY KEY (`id`);

--
-- Индексы таблицы `watches`
--
ALTER TABLE `watches`
  ADD PRIMARY KEY (`id`);

--
-- Индексы таблицы `watchServices`
--
ALTER TABLE `watchServices`
  ADD PRIMARY KEY (`id`),
  ADD KEY `watchId` (`watchId`);

--
-- AUTO_INCREMENT для сохранённых таблиц
--

--
-- AUTO_INCREMENT для таблицы `androides`
--
ALTER TABLE `androides`
  MODIFY `id` int NOT NULL AUTO_INCREMENT, AUTO_INCREMENT=7;

--
-- AUTO_INCREMENT для таблицы `androidServices`
--
ALTER TABLE `androidServices`
  MODIFY `id` int NOT NULL AUTO_INCREMENT, AUTO_INCREMENT=62;

--
-- AUTO_INCREMENT для таблицы `iphones`
--
ALTER TABLE `iphones`
  MODIFY `id` int NOT NULL AUTO_INCREMENT, AUTO_INCREMENT=7;

--
-- AUTO_INCREMENT для таблицы `iphoneServices`
--
ALTER TABLE `iphoneServices`
  MODIFY `id` int NOT NULL AUTO_INCREMENT, AUTO_INCREMENT=71;

--
-- AUTO_INCREMENT для таблицы `laptops`
--
ALTER TABLE `laptops`
  MODIFY `id` int NOT NULL AUTO_INCREMENT, AUTO_INCREMENT=7;

--
-- AUTO_INCREMENT для таблицы `laptopServices`
--
ALTER TABLE `laptopServices`
  MODIFY `id` int NOT NULL AUTO_INCREMENT, AUTO_INCREMENT=61;

--
-- AUTO_INCREMENT для таблицы `watches`
--
ALTER TABLE `watches`
  MODIFY `id` int NOT NULL AUTO_INCREMENT, AUTO_INCREMENT=7;

--
-- AUTO_INCREMENT для таблицы `watchServices`
--
ALTER TABLE `watchServices`
  MODIFY `id` int NOT NULL AUTO_INCREMENT, AUTO_INCREMENT=61;

--
-- Ограничения внешнего ключа сохраненных таблиц
--

--
-- Ограничения внешнего ключа таблицы `androidServices`
--
ALTER TABLE `androidServices`
  ADD CONSTRAINT `androidservices_ibfk_1` FOREIGN KEY (`androidId`) REFERENCES `androides` (`id`) ON DELETE RESTRICT ON UPDATE RESTRICT;

--
-- Ограничения внешнего ключа таблицы `iphoneServices`
--
ALTER TABLE `iphoneServices`
  ADD CONSTRAINT `iphoneservices_ibfk_1` FOREIGN KEY (`iphoneId`) REFERENCES `iphones` (`id`) ON DELETE RESTRICT ON UPDATE RESTRICT;

--
-- Ограничения внешнего ключа таблицы `watchServices`
--
ALTER TABLE `watchServices`
  ADD CONSTRAINT `watchservices_ibfk_1` FOREIGN KEY (`watchId`) REFERENCES `watches` (`id`) ON DELETE RESTRICT ON UPDATE RESTRICT;
COMMIT;

/*!40101 SET CHARACTER_SET_CLIENT=@OLD_CHARACTER_SET_CLIENT */;
/*!40101 SET CHARACTER_SET_RESULTS=@OLD_CHARACTER_SET_RESULTS */;
/*!40101 SET COLLATION_CONNECTION=@OLD_COLLATION_CONNECTION */;
